{"A": [[0.12254248563388455, 0.11004665093294459, 0.12045984651706122, 4.1652782336466536e-10, 0.6469510152499983, 4.1652782336466536e-10, 4.1652782336466536e-10, 4.1652782336466536e-10], [0.009144389306867295, 0.9023731391067712, 0.0018742329651566085, 0.011478843178058801, 0.06630515981004215, 0.007977162371271542, 0.0008404033936289418, 6.669868203404301e-06], [0.05302402651201326, 0.00935515051090859, 0.5682477216238608, 0.12672604252968794, 0.18523888428610882, 0.05682132007732671, 0.0005523336095001382, 3.452085059375864e-05], [0.05923866552609067, 0.1255346449957228, 0.2577701739378386, 0.1551183347590533, 0.32299686341602507, 0.07492158540062731, 0.004348445965212431, 7.1285999429712e-05], [0.09747075017205781, 0.1237095664143152, 0.06766787926457575, 0.054456297315898135, 0.5484465637597089, 0.10324697669845638, 0.004989676531314521, 1.2289843673188476e-05], [0.12816278698130293, 0.058914398338038666, 0.0879454535769456, 0.05012517977947051, 0.4648164917700953, 0.20406967453257338, 0.005912747030309486, 5.326799126404943e-05], [0.16113161131611314, 0.1303813038130381, 0.007380073800738006, 0.05043050430504304, 0.5055350553505534, 0.1180811808118081, 0.025830258302583023, 0.001230012300123001], [9.999930000489998e-07, 9.999930000489998e-07, 9.999930000489998e-07, 9.999930000489998e-07, 9.999930000489998e-07, 9.999930000489998e-07, 9.999930000489998e-07, 0.9999930000489998]], "B": [[0.950650759219089, 3.189996172004594e-05, 3.189996172004594e-05, 3.189996172004594e-05, 3.189996172004594e-05, 3.189996172004594e-05, 3.189996172004594e-05, 0.04915784101059079], [3.3349118582795857e-06, 0.999976655616992, 3.3349118582795857e-06, 3.3349118582795857e-06, 3.3349118582795857e-06, 3.3349118582795857e-06, 3.3349118582795857e-06, 3.3349118582795857e-06], [1.7262809004281177e-05, 1.7262809004281177e-05, 0.9998791603369701, 1.7262809004281177e-05, 1.7262809004281177e-05, 1.7262809004281177e-05, 1.7262809004281177e-05, 1.7262809004281177e-05], [3.5653166001140906e-05, 3.5653166001140906e-05, 3.5653166001140906e-05, 3.5653166001140906e-05, 3.5653166001140906e-05, 3.5653166001140906e-05, 0.9997504278379921, 3.5653166001140906e-05], [6.14522393196008e-06, 6.14522393196008e-06, 6.14522393196008e-06, 0.9999569834324762, 6.14522393196008e-06, 6.14522393196008e-06, 6.14522393196008e-06, 6.14522393196008e-06], [2.663257696814744e-05, 2.663257696814744e-05, 2.663257696814744e-05, 2.663257696814744e-05, 0.999813571961223, 2.663257696814744e-05, 2.663257696814744e-05, 2.663257696814744e-05], [0.0006180469715698394, 0.0006180469715698394, 0.0006180469715698394, 0.0006180469715698394, 0.0006180469715698394, 0.9956736711990112, 0.0006180469715698394, 0.0006180469715698394], [0.125, 0.125, 0.125, 0.125, 0.125, 0.125, 0.125, 0.125]], "Pi": [4.99998000008e-07, 0.9999965000140001, 4.99998000008e-07, 4.99998000008e-07, 4.99998000008e-07, 4.99998000008e-07, 4.99998000008e-07, 4.99998000008e-07], "global_horizon_probs": [[0.07783598899493163, 0.1494554694326411, 0.3254111223519576, 0.0733045701438329, 0.25978284670395585, 0.11133554193542002, 0.0028744604370074503, 2.534350587862824e-13], [0.005846288224219976, 0.9010927747623786, 0.005858323277948779, 0.012152215788477447, 0.0709924282700123, 0.0036568244082411127, 0.00040114526871019005, 1.1594464093259599e-14], [0.06134479578798267, 0.0197304703900989, 0.5751126841838847, 0.08779601054717748, 0.1641747166340322, 0.09036473411032118, 0.0014765883464572893, 4.562158890229462e-14], [0.0518174491795714, 0.13527786269087186, 0.48908840090840844, 0.09304537804474144, 0.1605860683071569, 0.06869971793415941, 0.0014851229349820017, 1.0855368283557108e-13], [0.055447482822733374, 0.3856983720561766, 0.16423743948261643, 0.04654171952857236, 0.27688413188556293, 0.06849412750434145, 0.002696726719939838, 5.713767230719537e-14], [0.09298107884589872, 0.08082574280803338, 0.3253850305366514, 0.07642069586083453, 0.26962213200793433, 0.15144526681933743, 0.0033200531210769704, 2.332316909619767e-13], [0.062052216153124784, 0.3443736085723791, 0.19400930985351106, 0.06785063752508194, 0.2502074478799754, 0.07718073264714913, 0.00432604736371884, 5.0597045130516205e-12], [0.125, 0.125, 0.125, 0.125, 0.125, 0.125, 0.125, 0.125]],